<?xml version="1.0" encoding="UTF-8" standalone="yes"?>
<addon id="script.odinxxx" 
	     name="Odin XXX " 
	     version="0.0.2" 
	     provider-name="bcrusher">
  <requires>
    <import addon="xbmc.python" version="2.1.0"/>
    <import addon="script.module.resolveurl"/>
  </requires>
  <extension point="xbmc.python.pluginsource" library="odinxxx.py">
        <provides>all</provides>
  </extension>
  <extension point="xbmc.addon.metadata">
    <platform>all</platform>
    <summary lang="en">-</summary>
    <description lang="en">XXX depend for Odin Addon</description>
    <disclaimer lang="en">.</disclaimer>
    <language></language>
    <platform>all</platform>
    <license>GNU GENERAL PUBLIC LICENSE. Version 2, June 1991</license>
  </extension>
</addon>