<?xml version="1.0" encoding="UTF-8" standalone="yes"?>
<addon id="repository.Portals" name="Portals" version="1.0.4.2" provider-name="Bcrusher">
	<extension point="xbmc.addon.repository" name="Portals REPO">
		<dir>
			<info compressed="false">https://raw.githubusercontent.com/bcrusher29/portrepo1/master/addons.xml</info>
			<checksum>https://raw.githubusercontent.com/bcrusher29/portrepo1/master/addons.xml.md5</checksum>
			<datadir zip="true">https://raw.githubusercontent.com/bcrusher29/portrepo1/master/zips/</datadir>
		</dir>
		<dir>
			<info compressed="false">https://raw.githubusercontent.com/Dr-Know99/Global-Scrapers-Repo/master/zips/addons.xml</info>
		    <checksum>https://raw.githubusercontent.com/Dr-Know99/Global-Scrapers-Repo/master/zips/addons.xml.md5</checksum>
		    <datadir zip="true">https://raw.githubusercontent.com/Dr-Know99/Global-Scrapers-Repo/master/zips</datadir>
		</dir>
		<dir>
		    <info compressed="false">https://raw.githubusercontent.com/metalmagic767/Metalgear-Repository/master/addons.xml</info>
		    <checksum>https://raw.githubusercontent.com/metalmagic767/Metalgear-Repository/master/addons.xml.md5</checksum>
		    <datadir zip="true">https://raw.githubusercontent.com/metalmagic767/Metalgear-Repository/master/zips</datadir>
        </dir>
		<dir>
		    <info compressed="false">https://raw.githubusercontent.com/Dr-Know99/goldengun/master/zips/addons.xml</info>
		    <checksum>https://raw.githubusercontent.com/Dr-Know99/goldengun/master/zips/addons.xml.md5</checksum>
		    <datadir zip="true">https://raw.githubusercontent.com/Dr-Know99/goldengun/master/zips</datadir>
        </dir>
		<dir>
			<info compressed="false">https://raw.githubusercontent.com/tvaddonsco/tva-resolvers-repo/master/addons.xml</info>
			<checksum>https://raw.githubusercontent.com/tvaddonsco/tva-resolvers-repo/master/addons.xml.md5</checksum>
			<datadir zip="true">https://raw.githubusercontent.com/tvaddonsco/tva-resolvers-repo/master/zips/</datadir>
		</dir>
		<dir>
			<info compressed="false">http://paulbunyan.xyz/repo/addons.xml</info>
			<checksum>http://paulbunyan.xyz/repo/addons.xml.md5</checksum>
			<datadir zip="true">http://paulbunyan.xyz/repo/files/</datadir>
		</dir>
		<dir>
		<info compressed="false">http://cerbrepo.space/plugins/addons.xml</info>
		<checksum>http://cerbrepo.space/plugins/addons.xml.md5</checksum>
		<datadir zip="true">http://cerbrepo.space/plugins</datadir>
		</dir>	
		<dir>
            <info compressed="false">https://raw.githubusercontent.com/teamuniversal/scrapers/master/_modules4all/zips/addons.xml</info>
            <checksum>https://raw.githubusercontent.com/teamuniversal/scrapers/master/_modules4all/zips/addons.xml.md5</checksum>
            <datadir zip="true">https://raw.githubusercontent.com/teamuniversal/scrapers/master/_modules4all/zips/</datadir>
        </dir>
	</extension>
	<extension point="xbmc.addon.metadata">
		<summary lang="en"></summary>
		<description lang="en">Portals Repo</description>
		<genre></genre>
    <assets>
        <icon>icon.gif</icon>
        <fanart>fanart.jpg</fanart>
        <banner></banner>
        <clearlogo></clearlogo>
        <screenshot></screenshot>
    </assets>
	</extension>
</addon>