﻿<?xml version="1.0" encoding="UTF-8" standalone="yes"?>
<addon id="script.SKI" name="[COLOR yellow]Skeleton Key info Mod[/COLOR]" version="7.7.7" provider-name="KryptKeeper">
  <requires>
    <import addon="xbmc.python"                     version="2.19.0"/>
    <import addon="plugin.program.super.favourites"/>
    <import addon="plugin.video.HellsPit"/>
    <import addon="plugin.video.youtube"            version="5.3.10"/>
    <import addon="script.module.pil"               version="1.1.7"/>
    <import addon="script.module.requests"          version="1.1.0"/>
    <import addon="script.module.simplejson"        version="2.0.10"/>
    <import addon="script.module.resolveurl"/>
    <import addon="script.module.youtube.dl"/>
  </requires>
  <extension point="xbmc.python.script"             library="default.py">
    <provides>executable</provides>
  </extension>
  <extension point="xbmc.python.library"            library="default.py" />
  <extension point="xbmc.python.pluginsource"       library="plugin.py">
    <provides>video</provides>
  </extension>
  <extension point="xbmc.addon.metadata">
    <language/>
    <summary lang="en">[COLOR yellow]Skeleton Key info Mod[/COLOR]</summary>
    <description lang="en"></description>
    <summary lang="nl"></summary>
    <description lang="nl"></description>
    <platform>all</platform>
    <genre>movies,tv,trailers</genre>
    <assets>
      <icon>icon.jpg</icon>
      <fanart>fanart.jpg</fanart>
    </assets>
    <license>GNU GENERAL PUBLIC LICENSE Version 2, June 1991</license>
  </extension>
</addon>
