<?xml version="1.0" encoding="UTF-8" standalone="yes"?>
<addon id="script.Darklove.metadata" version="7.7.7" name="Darklove Metadata" provider-name="Darklove">
	<requires>
		<import addon="xbmc.python" version="2.19.0"/>
	</requires>
	<extension point="xbmc.python.module" library="lib" />
	<extension point="xbmc.addon.metadata">
		<summary>Metadata for the Darklove Addon</summary>
		<description>Metadata for Darklove are maintained separately to make distribution of the the addon itself easier/faster.</description>
		<platform>all</platform>
	</extension>
</addon>
