<favourites>
	<favourite name="--- Basics ---" thumb="DefaultAddonVideo.png">noop</favourite>
	<favourite name="SKI- TMDb Movies" thumb="special://home/addons/script.SKI/icon.png">RunScript(&quot;script.SKI&quot;)?sf_options=fanart%3Dspecial%3A%2F%2Fhome%2Faddons%2Fscript.SKI%2Ffanart.jpg&amp;desc%3DEIM+-+TheMovieDb.org+Movies%26_options_sf&quot;)</favourite>
	<favourite name="SKI- TMDb TVShows" thumb="special://home/addons/script.SKI/icon.png">RunScript(&quot;script.SKI&quot;,info=list,type=tv)?sf_options=fanart%3Dspecial%3A%2F%2Fhome%2Faddons%2Fscript.SKI%2Ffanart.jpg&amp;desc%3DEIM+-+TheMovieDb.org+TVShows%26_options_sf&quot;)</favourite>
	<favourite name="SKI- Favourites" thumb="special://home/addons/script.SKI/icon.png">ActivateWindow(10025,&quot;plugin://script.SKI/?info=favourites&id=&amp;sf_options=fanart%3Dspecial%3A%2F%2Fhome%2Faddons%2Fscript.SKI%2Ffanart.jpg&amp;desc%3DEIM+-+Browse+SKI+Info+Favourites%26_options_sf&quot;,return)</favourite>
	<favourite name="SKI- Youtube Channel Browser" thumb="special://home/addons/script.SKI/icon.png">RunScript(&quot;script.SKI&quot;,info=list,type=channel)?sf_options=fanart%3Dspecial%3A%2F%2Fhome%2Faddons%2Fscript.SKI%2Ffanart.jpg&amp;desc%3DEIM+-+Browse+Youtube+Channels%26_options_sf&quot;)</favourite>
	<favourite name="SKI- Youtube Playlist Browser" thumb="special://home/addons/script.SKI/icon.png">RunScript(&quot;script.SKI&quot;,info=list,type=playlist)?sf_options=fanart%3Dspecial%3A%2F%2Fhome%2Faddons%2Fscript.SKI%2Ffanart.jpg&amp;desc%3DEIM+-+Browse+Youtube+Playlists%26_options_sf&quot;)</favourite>
	<favourite name="SKI- Youtube Channel Videos" thumb="special://home/addons/script.SKI/icon.png">RunScript(&quot;script.SKI&quot;,info=list,type=video)?sf_options=fanart%3Dspecial%3A%2F%2Fhome%2Faddons%2Fscript.SKI%2Ffanart.jpg&amp;desc%3DEIM+-+Browse+Youtube+Videos%26_options_sf&quot;)</favourite>
	<favourite name="SKI- Various Categories" thumb="special://home/addons/script.SKI/icon.png">ActivateWindow(10025,&quot;plugin://script.SKI/?sf_options=fanart%3Dspecial%3A%2F%2Fhome%2Faddons%2Fscript.SKI%2Ffanart.jpg&amp;desc%3DEIM+-+Various+categories%26_options_sf&quot;,return)</favourite>
	<favourite name="--- Needs Local Library ---" thumb="DefaultAddonLibrary.png">noop</favourite>
	<favourite name="SKI- Latest Movies (Library)" thumb="special://home/addons/script.SKI/icon.png">ActivateWindow(10025,&quot;plugin://script.SKI/?info=latestdbmovies&amp;sf_options=fanart%3Dspecial%3A%2F%2Fhome%2Faddons%2Fscript.SKI%2Ffanart.jpg&amp;desc%3DEIM+-+Latest+Movies+from+local+library%26_options_sf&quot;,return)</favourite>
	<favourite name="SKI- Random Movies (Library)" thumb="special://home/addons/script.SKI/icon.png">ActivateWindow(10025,&quot;plugin://script.SKI/?info=randomdbmovies&amp;sf_options=fanart%3Dspecial%3A%2F%2Fhome%2Faddons%2Fscript.SKI%2Ffanart.jpg&amp;desc%3DEIM+-+Random+Movies+from+local+library%26_options_sf&quot;,return)</favourite>
	<favourite name="SKI- In Progress Movies (Library)" thumb="special://home/addons/script.SKI/icon.png">ActivateWindow(10025,&quot;plugin://script.SKI/?info=inprogressdbmovies&amp;sf_options=fanart%3Dspecial%3A%2F%2Fhome%2Faddons%2Fscript.SKI%2Ffanart.jpg&amp;desc%3DEIM+-+In+Progress+Movies+from+local+library%26_options_sf&quot;,return)</favourite>
	<favourite name="--- Rotten Tomatoes ---" thumb="DefaultAddonVideo.png">noop</favourite>
	<favourite name="SKI- Movies In Theaters (RT)" thumb="special://home/addons/script.SKI/icon.png">ActivateWindow(10025,&quot;plugin://script.SKI/?info=intheaters&sf_options=fanart%3Dspecial%3A%2F%2Fhome%2Faddons%2Fscript.SKI%2Ffanart.jpg&amp;desc%3DEIM.RT+-+Movies+currently+in+Theaters%26_options_sf&quot;,return)</favourite>
	<favourite name="SKI- Current Box Office Movies (RT)" thumb="special://home/addons/script.SKI/icon.png">ActivateWindow(10025,&quot;plugin://script.SKI/?info=boxoffice&;sf_options=fanart%3Dspecial%3A%2F%2Fhome%2Faddons%2Fscript.SKI%2Ffanart.jpg&amp;desc%3DEIM.RT+-+Box+Office+Movies%26_options_sf&quot;,return)</favourite>
	<favourite name="SKI- Opening Movies (RT)" thumb="special://home/addons/script.SKI/icon.png">ActivateWindow(10025,&quot;plugin://script.SKI/?info=opening&sf_options=fanart%3Dspecial%3A%2F%2Fhome%2Faddons%2Fscript.SKI%2Ffanart.jpg&amp;desc%3DEIM.RT+-+Movies+currently+Opening%26_options_sf&quot;,return)</favourite>
	<favourite name="SKI- Movies Coming Soon (RT)" thumb="special://home/addons/script.SKI/icon.png">ActivateWindow(10025,&quot;plugin://script.SKI/?info=comingsoon&sf_options=fanart%3Dspecial%3A%2F%2Fhome%2Faddons%2Fscript.SKI%2Ffanart.jpg&amp;desc%3DEIM.RT+-+Movies+Coming+Soon%26_options_sf&quot;,return)</favourite>
	<favourite name="SKI- Top Rental Movies (RT)" thumb="special://home/addons/script.SKI/icon.png">ActivateWindow(10025,&quot;plugin://script.SKI/?info=toprentals&amp;sf_options=fanart%3Dspecial%3A%2F%2Fhome%2Faddons%2Fscript.SKI%2Ffanart.jpg&amp;desc%3DEIM.RT+-+Movies+currently+Opening%26_options_sf&quot;,return)</favourite>
	<favourite name="SKI- Current DVD Releases (RT)" thumb="special://home/addons/script.SKI/icon.png">ActivateWindow(10025,&quot;plugin://script.SKI/?info=currentdvdreleases&amp;sf_options=fanart%3Dspecial%3A%2F%2Fhome%2Faddons%2Fscript.SKI%2Ffanart.jpg&amp;desc%3DEIM.RT+-+Current+DVD+Releases%26_options_sf&quot;,return)</favourite>
	<favourite name="SKI- New DVD Releases (RT)" thumb="special://home/addons/script.SKI/icon.png">ActivateWindow(10025,&quot;plugin://script.SKI/?info=newdvdreleases&amp;sf_options=fanart%3Dspecial%3A%2F%2Fhome%2Faddons%2Fscript.SKI%2Ffanart.jpg&amp;desc%3DEIM.RT+-+New+DVD+Releases%26_options_sf&quot;,return)</favourite>
	<favourite name="SKI- Upcoming DVD Releases (RT)" thumb="special://home/addons/script.SKI/icon.png">ActivateWindow(10025,&quot;plugin://script.SKI/?info=upcomingdvds&amp;sf_options=fanart%3Dspecial%3A%2F%2Fhome%2Faddons%2Fscript.SKI%2Ffanart.jpg&amp;desc%3DEIM.RT+-+Upcoming+DVD+Releases%26_options_sf&quot;,return)</favourite>
	<favourite name="--- The MovieDb Movies ---" thumb="DefaultAddonVideo.png">noop</favourite>
	<favourite name="SKI- Movies in Cinemas (TMDb)" thumb="special://home/addons/script.SKI/icon.png">ActivateWindow(10025,&quot;plugin://script.SKI/?info=incinemas&amp;sf_options=fanart%3Dspecial%3A%2F%2Fhome%2Faddons%2Fscript.SKI%2Ffanart.jpg&amp;desc%3DEIM.TMDb+-+Movies+currently+in+Cinemass%26_options_sf&quot;,return)</favourite>
	<favourite name="SKI- Upcoming Movies (TMDb)" thumb="special://home/addons/script.SKI/icon.png">ActivateWindow(10025,&quot;plugin://script.SKI/?info=upcoming&amp;sf_options=fanart%3Dspecial%3A%2F%2Fhome%2Faddons%2Fscript.SKI%2Ffanart.jpg&amp;desc%3DEIM.TMDb+-+Upcoming+Movies%26_options_sf&quot;,return)</favourite>
	<favourite name="SKI- Top Rated Movies (TMDb)" thumb="special://home/addons/script.SKI/icon.png">ActivateWindow(10025,&quot;plugin://script.SKI/?info=topratedmovies&amp;sf_options=fanart%3Dspecial%3A%2F%2Fhome%2Faddons%2Fscript.SKI%2Ffanart.jpg&amp;desc%3DEIM.TMDb+-+Top+Rated+Movies%26_options_sf&quot;,return)</favourite>
	<favourite name="SKI- Popular Movies (TMDb)" thumb="special://home/addons/script.SKI/icon.png">ActivateWindow(10025,&quot;plugin://script.SKI/?info=popularmovies&amp;sf_options=fanart%3Dspecial%3A%2F%2Fhome%2Faddons%2Fscript.SKI%2Ffanart.jpg&amp;desc%3DEIM.TMDb+-+Popular+Movies%26_options_sf&quot;,return)</favourite>
	<favourite name="SKI- My Rated Movies (TMDb)" thumb="special://home/addons/script.SKI/icon.png">ActivateWindow(10025,&quot;plugin://script.SKI/?info=ratedmovies&amp;sf_options=fanart%3Dspecial%3A%2F%2Fhome%2Faddons%2Fscript.SKI%2Ffanart.jpg&amp;desc%3DEIM.TMDb+-+My+Rated+Movies%26_options_sf&quot;,return)</favourite>
	<favourite name="SKI- My Starred Movies (TMDb)" thumb="special://home/addons/script.SKI/icon.png">ActivateWindow(10025,&quot;plugin://script.SKI/?info=starredmovies&amp;sf_options=fanart%3Dspecial%3A%2F%2Fhome%2Faddons%2Fscript.SKI%2Ffanart.jpg&amp;desc%3DEIM.TMDb+-+My+Starred+Movies%26_options_sf&quot;,return)</favourite>
	<favourite name="SKI- My Account Lists (TMDb)" thumb="special://home/addons/script.SKI/icon.png">ActivateWindow(10025,&quot;plugin://script.SKI/?info=accountlists&amp;sf_options=fanart%3Dspecial%3A%2F%2Fhome%2Faddons%2Fscript.SKI%2Ffanart.jpg&amp;desc%3DEIM.TMDb+-+My+Account+Lists%26_options_sf&quot;,return)</favourite>
	<favourite name="SKI- My Lists Movies (TMDb)" thumb="special://home/addons/script.SKI/icon.png">ActivateWindow(10025,&quot;plugin://script.SKI/?info=lismovies&amp;sf_options=fanart%3Dspecial%3A%2F%2Fhome%2Faddons%2Fscript.SKI%2Ffanart.jpg&amp;desc%3DEIM.TMDb+-+My+Lists+Movies%26_options_sf&quot;,return)</favourite>
	<favourite name="--- The MovieDb TVShows ---" thumb="DefaultAddonVideo.png">noop</favourite>
	<favourite name="SKI- TVShows Airing Today (TMDb)" thumb="special://home/addons/script.SKI/icon.png">ActivateWindow(10025,&quot;plugin://script.SKI/?info=airingtodaytvshows&amp;sf_options=fanart%3Dspecial%3A%2F%2Fhome%2Faddons%2Fscript.SKI%2Ffanart.jpg&amp;desc%3DEIM.TMDb+-+TVShows+Airing+Today%26_options_sf&quot;,return)</favourite>
	<favourite name="SKI- On Air TVShows (TMDb)" thumb="special://home/addons/script.SKI/icon.png">ActivateWindow(10025,&quot;plugin://script.SKI/?info=onairtvshows&amp;sf_options=fanart%3Dspecial%3A%2F%2Fhome%2Faddons%2Fscript.SKI%2Ffanart.jpg&amp;desc%3DEIM.TMDb+-+On+Air+TVShows%26_options_sf&quot;,return)</favourite>
	<favourite name="SKI- Top Rated TVShows (TMDb)" thumb="special://home/addons/script.SKI/icon.png">ActivateWindow(10025,&quot;plugin://script.SKI/?info=topratedtvshows&amp;sf_options=fanart%3Dspecial%3A%2F%2Fhome%2Faddons%2Fscript.SKI%2Ffanart.jpg&amp;desc%3DEIM.TMDb+-+Top+Rated+TVShows%26_options_sf&quot;,return)</favourite>
	<favourite name="SKI- Popular TVShows (TMDb)" thumb="special://home/addons/script.SKI/icon.png">ActivateWindow(10025,&quot;plugin://script.SKI/?info=populartvshows&amp;sf_options=fanart%3Dspecial%3A%2F%2Fhome%2Faddons%2Fscript.SKI%2Ffanart.jpg&amp;desc%3DEIM.TMDb+-+Popular+TVShows%26_options_sf&quot;,return)</favourite>
	<favourite name="SKI- My Rated TVShows (TMDb)" thumb="special://home/addons/script.SKI/icon.png">ActivateWindow(10025,&quot;plugin://script.SKI/?info=ratedtvshows&amp;sf_options=fanart%3Dspecial%3A%2F%2Fhome%2Faddons%2Fscript.SKI%2Ffanart.jpg&amp;desc%3DEIM.TMDb+-+My+Rated+TVShows%26_options_sf&quot;,return)</favourite>
	<favourite name="SKI- My Starred TVShows (TMDb)" thumb="special://home/addons/script.SKI/icon.png">ActivateWindow(10025,&quot;plugin://script.SKI/?info=starredtvshows&amp;sf_options=fanart%3Dspecial%3A%2F%2Fhome%2Faddons%2Fscript.SKI%2Ffanart.jpg&amp;desc%3DEIM.TMDb+-+My+Starred+TVShows%26_options_sf&quot;,return)</favourite>
	<favourite name="--- Trakt ---" thumb="DefaultAddonVideo.png">noop</favourite>
	<favourite name="SKI- Trending Movies (Trakt)" thumb="special://home/addons/script.SKI/icon.png">ActivateWindow(10025,&quot;plugin://script.SKI/?info=trendingmovies&amp;sf_options=fanart%3Dspecial%3A%2F%2Fhome%2Faddons%2Fscript.SKI%2Ffanart.jpg&amp;desc%3DEIM.Trakt+-+Trending+Movies%26_options_sf&quot;,return)</favourite>
	<favourite name="SKI- Airing TVShows (Trakt)" thumb="special://home/addons/script.SKI/icon.png">ActivateWindow(10025,&quot;plugin://script.SKI/?info=airingshows&amp;sf_options=fanart%3Dspecial%3A%2F%2Fhome%2Faddons%2Fscript.SKI%2Ffanart.jpg&amp;desc%3DEIM.Trakt+-+Airing+TVShows%26_options_sf&quot;,return)</favourite>
	<favourite name="SKI- Premiering TVShows (Trakt)" thumb="special://home/addons/script.SKI/icon.png">ActivateWindow(10025,&quot;plugin://script.SKI/?info=trendingshows&amp;sf_options=fanart%3Dspecial%3A%2F%2Fhome%2Faddons%2Fscript.SKI%2Ffanart.jpg&amp;desc%3DEIM.Trakt+-+Trending+TVShows%26_options_sf&quot;,return)</favourite>
	<favourite name="SKI- Trending TVShows (Trakt)" thumb="special://home/addons/script.SKI/icon.png">ActivateWindow(10025,&quot;plugin://script.SKI/?info=onairtvshows&amp;sf_options=fanart%3Dspecial%3A%2F%2Fhome%2Faddons%2Fscript.SKI%2Ffanart.jpg&amp;desc%3DEIM.Trakt+-+On+Air+TVShows%26_options_sf&quot;,return)</favourite>
	<favourite name="--- Music ---" thumb="DefaultAddonMusic.png">noop</favourite>
	<favourite name="SKI- Top Artists" thumb="special://home/addons/script.SKI/icon.png">ActivateWindow(10501,&quot;plugin://script.SKI/?info=topartists&amp;sf_options=fanart%3Dspecial%3A%2F%2Fhome%2Faddons%2Fscript.SKI%2Ffanart.jpg&amp;desc%3DEIM+-+Top+Artists%26_options_sf&quot;,return)</favourite>
	<favourite name="--- Picture ---" thumb="DefaultAddonPicture.png">noop</favourite>
	<favourite name="SKI- XKCD" thumb="special://home/addons/script.SKI/icon.png">ActivateWindow(10002,&quot;plugin://script.SKI/?info=xkcd&amp;sf_options=fanart%3Dspecial%3A%2F%2Fhome%2Faddons%2Fscript.SKI%2Ffanart.jpg&amp;desc%3DEIM+-+XKCD+images%26_options_sf&quot;,return)</favourite>
	<favourite name="SKI- Cyanide" thumb="special://home/addons/script.SKI/icon.png">ActivateWindow(10002,&quot;plugin://script.SKI/?info=cyanide&amp;sf_options=fanart%3Dspecial%3A%2F%2Fhome%2Faddons%2Fscript.SKI%2Ffanart.jpg&amp;desc%3DEIM+-+Cyanide+Images%26_options_sf&quot;,return)</favourite>
	<favourite name="SKI- DailyBabes" thumb="special://home/addons/script.SKI/icon.png">ActivateWindow(10002,&quot;plugin://script.SKI/?info=dailybabes&amp;sf_options=fanart%3Dspecial%3A%2F%2Fhome%2Faddons%2Fscript.SKI%2Ffanart.jpg&amp;desc%3DEIM+-+DailyBabes+Images%26_options_sf&quot;,return)</favourite>
	<favourite name="SKI- DailyBabe" thumb="special://home/addons/script.SKI/icon.png">ActivateWindow(10002,&quot;plugin://script.SKI/?info=dailybabe&amp;sf_options=fanart%3Dspecial%3A%2F%2Fhome%2Faddons%2Fscript.SKI%2Ffanart.jpg&amp;desc%3DEIM+-+DailyBabe+Images%26_options_sf&quot;,return)</favourite>
	<favourite name="--- People ---" thumb="DefaultActor.png">noop</favourite>
	<favourite name="SKI- Popular Actors" thumb="special://home/addons/script.SKI/icon.png">ActivateWindow(10025,&quot;plugin://script.SKI/?info=popularpeople&amp;sf_options=fanart%3Dspecial%3A%2F%2Fhome%2Faddons%2Fscript.SKI%2Ffanart.jpg&amp;desc%3DEIM+-Popular+Actors%26_options_sf&quot;,return)</favourite>
	<favourite name="--- Needs Query ---" thumb="DefaultVideoPlugins.png">noop</favourite>
	<favourite name="SKI- Search" thumb="special://home/addons/script.SKI/icon.png">RunScript(&quot;script.SKI&quot;,info=list,mode=search,query=[%SF%])?sf_options=fanart%3Dspecial%3A%2F%2Fhome%2Faddons%2Fscript.SKI%2Ffanart.jpg&amp;desc%3DSearch+SKI+Info+Mod+with+query:+[%SF%]%26_options_sf&quot;)</favourite>
	<favourite name="SKI- Similar Movies (TMDb)(Dbid/IMDbid)" thumb="special://home/addons/script.SKI/icon.png">ActivateWindow(10025,&quot;plugin://script.SKI/?info=similarmovies&id=[%SF%]&amp;sf_options=fanart%3Dspecial%3A%2F%2Fhome%2Faddons%2Fscript.SKI%2Ffanart.jpg&amp;desc%3DEIM.TMDb+-+Similar+Movies+from+TheMovieDb%26_options_sf&quot;,return)</favourite>
	<favourite name="SKI- Similar Movies (Trakt)(Dbid/IMDbid)" thumb="special://home/addons/script.SKI/icon.png">ActivateWindow(10025,&quot;plugin://script.SKI/?info=similarmoviestrakt&id=[%SF%]&amp;sf_options=fanart%3Dspecial%3A%2F%2Fhome%2Faddons%2Fscript.SKI%2Ffanart.jpg&amp;desc%3DEIM.Trakt+-+Similar+Movies+from+Trakt%26_options_sf&quot;,return)</favourite>
	<favourite name="SKI- Movies in same Set (Dbid)" thumb="special://home/addons/script.SKI/icon.png">ActivateWindow(10025,&quot;plugin://script.SKI/?info=set&dbid=[%SF%]&amp;sf_options=fanart%3Dspecial%3A%2F%2Fhome%2Faddons%2Fscript.SKI%2Ffanart.jpg&amp;desc%3DEIM+-+Movies+in+same+set+(Only+for+movies+in+local+library)%26_options_sf&quot;,return)</favourite>
	<favourite name="SKI- Lists Containing Movie (Dbid/IMDbid/TMDbid)" thumb="special://home/addons/script.SKI/icon.png">ActivateWindow(10025,&quot;plugin://script.SKI/?info=movielists&id=[%SF%]&amp;sf_options=fanart%3Dspecial%3A%2F%2Fhome%2Faddons%2Fscript.SKI%2Ffanart.jpg&amp;desc%3DEIM+-+Lists+containing+Movie%26_options_sf&quot;,return)</favourite>
	<favourite name="SKI- Movie Keywords (Dbid/IMDbid/TMDbid)" thumb="special://home/addons/script.SKI/icon.png">ActivateWindow(10025,&quot;plugin://script.SKI/?info=keywords&id=[%SF%]&amp;sf_options=fanart%3Dspecial%3A%2F%2Fhome%2Faddons%2Fscript.SKI%2Ffanart.jpg&amp;desc%3DEIM+-+Movie+Keywords%26_options_sf&quot;,return)</favourite>
	<favourite name="SKI- Similar TVShows (TMDb)(Dbid/IMDbid/TVDbid)" thumb="special://home/addons/script.SKI/icon.png">ActivateWindow(10025,&quot;plugin://script.SKI/?info=similartvshows&id=[%SF%]&amp;sf_options=fanart%3Dspecial%3A%2F%2Fhome%2Faddons%2Fscript.SKI%2Ffanart.jpg&amp;desc%3DEIM.TMDb+-+Similar+TVShows+from+TheMovieDb%26_options_sf&quot;,return)</favourite></favourites>
	<favourite name="SKI- Similar TVShows (Trakt)(Dbid/IMDbid/TVDbid)" thumb="special://home/addons/script.SKI/icon.png">ActivateWindow(10025,&quot;plugin://script.SKI/?info=similartvshowstrakt&id=[%SF%]&amp;sf_options=fanart%3Dspecial%3A%2F%2Fhome%2Faddons%2Fscript.SKI%2Ffanart.jpg&amp;desc%3DEIM.Trakt+-+Similar+TVShows+from+Trakt%26_options_sf&quot;,return)</favourite>
	<favourite name="SKI- Studio (Id)" thumb="special://home/addons/script.SKI/icon.png">ActivateWindow(10025,&quot;plugin://script.SKI/?info=studio&id=[%SF%]&amp;sf_options=fanart%3Dspecial%3A%2F%2Fhome%2Faddons%2Fscript.SKI%2Ffanart.jpg&amp;desc%3DEIM+-+Search+Studio+by+id%26_options_sf&quot;,return)</favourite>
	<favourite name="SKI- Studio (Name)" thumb="special://home/addons/script.SKI/icon.png">ActivateWindow(10025,&quot;plugin://script.SKI/?info=studio&studio=[%SF%]&amp;sf_options=fanart%3Dspecial%3A%2F%2Fhome%2Faddons%2Fscript.SKI%2Ffanart.jpg&amp;desc%3DEIM+-+Search+Studio+by+Name%26_options_sf&quot;,return)</favourite>
	<favourite name="SKI- [%SF%] - Discography" thumb="special://home/addons/script.SKI/icon.png">ActivateWindow(10501,&quot;plugin://script.SKI/?info=discography&artistname=[%SF%]&amp;sf_options=fanart%3Dspecial%3A%2F%2Fhome%2Faddons%2Fscript.SKI%2Ffanart.jpg&amp;desc%3DEIM+-+[%SF%]+-Discography%26_options_sf&quot;,return)</favourite>
	<favourite name="SKI- [%SF%] - Most Loved Tracks" thumb="special://home/addons/script.SKI/icon.png">ActivateWindow(10501,&quot;plugin://script.SKI/?info=mostlovedtracks&artistname=[%SF%]&amp;sf_options=fanart%3Dspecial%3A%2F%2Fhome%2Faddons%2Fscript.SKI%2Ffanart.jpg&amp;desc%3DEIM+-+[%SF%]+-+Most+Loved+Tracks%26_options_sf&quot;,return)</favourite>
	<favourite name="SKI- Similar Artists in Local Library (MBid)" thumb="special://home/addons/script.SKI/icon.png">ActivateWindow(10501,&quot;plugin://script.SKI/?info=similarartistsinlibrary&artist_mbid=[%SF%]&amp;sf_options=fanart%3Dspecial%3A%2F%2Fhome%2Faddons%2Fscript.SKI%2Ffanart.jpg&amp;desc%3DEIM+-+Similar+Artists+in+local+library%26_options_sf&quot;,return)</favourite>
	<favourite name="SKI- Artist Events (MBid)" thumb="special://home/addons/script.SKI/icon.png">ActivateWindow(10501,&quot;plugin://script.SKI/?info=artistevents&artist_mbid=[%SF%]&amp;sf_options=fanart%3Dspecial%3A%2F%2Fhome%2Faddons%2Fscript.SKI%2Ffanart.jpg&amp;desc%3DEIM+-+Events+featuring+Artists+in+local+library%26_options_sf&quot;,return)</favourite>
	<favourite name="SKI- Director Movies (Name)" thumb="special://home/addons/script.SKI/icon.png">ActivateWindow(10025,&quot;plugin://script.SKI/?info=directormovies&director=[%SF%]&amp;sf_options=fanart%3Dspecial%3A%2F%2Fhome%2Faddons%2Fscript.SKI%2Ffanart.jpg&amp;desc%3DEIM.TMDb+-+Movies+by+Director:+[%SF%]%26_options_sf&quot;,return)</favourite>
	<favourite name="SKI- Writer Movies (Name)" thumb="special://home/addons/script.SKI/icon.png">ActivateWindow(10025,&quot;plugin://script.SKI/?info=writermovies&writer=[%SF%]&amp;sf_options=fanart%3Dspecial%3A%2F%2Fhome%2Faddons%2Fscript.SKI%2Ffanart.jpg&amp;desc%3DEIM.TMDb+-+Movies+by+Director:+[%SF%]%26_options_sf&quot;,return)</favourite>
	<favourite name="SKI- Movie Trailer (TMDbid)" thumb="special://home/addons/script.SKI/icon.png">RunScript(script.SKI,info=playtrailer,id=19995)sf_options=fanart%3Dspecial%3A%2F%2Fhome%2Faddons%2Fscript.SKI%2Ffanart.jpg&amp;desc%3DEIM+-+SKI+Info+for+Artist:+[%SF%]%26_options_sf</favourite>
	<favourite name="SKI- Movie Trailer (TMDbid)" thumb="special://home/addons/script.SKI/icon.png">ActivateWindow(10025,&quot;plugin://script.SKI/?info=playtrailer&id=[%SF%]&amp;sf_options=fanart%3Dspecial%3A%2F%2Fhome%2Faddons%2Fscript.SKI%2Ffanart.jpg&amp;desc%3DEIM+-+SKI+Info+for+Artist:+[%SF%]%26_options_sf&quot;,return)</favourite>
	<favourite name="SKI- Movie Trailer (IMDbid)" thumb="special://home/addons/script.SKI/icon.png">ActivateWindow(10025,&quot;plugin://script.SKI/?info=playtrailer&imdb_id=[%SF%]&amp;sf_options=fanart%3Dspecial%3A%2F%2Fhome%2Faddons%2Fscript.SKI%2Ffanart.jpg&amp;desc%3DEIM+-+SKI+Info+for+Artist:+[%SF%]%26_options_sf&quot;,return)</favourite>
	<favourite name="SKI- Movie Trailer (Dbid)" thumb="special://home/addons/script.SKI/icon.png">ActivateWindow(10025,&quot;plugin://script.SKI/?info=playtrailer&dbid=[%SF%]&amp;sf_options=fanart%3Dspecial%3A%2F%2Fhome%2Faddons%2Fscript.SKI%2Ffanart.jpg&amp;desc%3DEIM+-+SKI+Info+for+Artist:+[%SF%]%26_options_sf&quot;,return)</favourite>
	<favourite name="SKI- TVShow Trailer (TMDbid)" thumb="special://home/addons/script.SKI/icon.png">ActivateWindow(10025,&quot;plugin://script.SKI/?info=playtvtrailer&id=[%SF%]&amp;sf_options=fanart%3Dspecial%3A%2F%2Fhome%2Faddons%2Fscript.SKI%2Ffanart.jpg&amp;desc%3DEIM+-+SKI+Info+for+Info+for+Album:+[%SF%]%26_options_sf&quot;,return)</favourite>
	<favourite name="SKI- TVShow Trailer (TVDbid)" thumb="special://home/addons/script.SKI/icon.png">ActivateWindow(10025,&quot;plugin://script.SKI/?info=playtvtrailer&tvdb_id=[%SF%]&amp;sf_options=fanart%3Dspecial%3A%2F%2Fhome%2Faddons%2Fscript.SKI%2Ffanart.jpg&amp;desc%3DEIM+-+SKI+Info+for+Info+for+Album:+[%SF%]%26_options_sf&quot;,return)</favourite>
	<favourite name="SKI- TVShow Trailer (Dbid)" thumb="special://home/addons/script.SKI/icon.png">ActivateWindow(10025,&quot;plugin://script.SKI/?info=playtvtrailer&dbid=1&amp;sf_options=fanart%3Dspecial%3A%2F%2Fhome%2Faddons%2Fscript.SKI%2Ffanart.jpg&amp;desc%3DEIM+-+SKI+Info+for+Info+for+Album:+[%SF%]%26_options_sf&quot;,return)</favourite>
	<favourite name="SKI- Extended Artist Info (Title)" thumb="special://home/addons/script.SKI/icon.png">ActivateWindow(10501,&quot;plugin://script.SKI/?info=artistdetails&artistname=[%SF%]&amp;sf_options=fanart%3Dspecial%3A%2F%2Fhome%2Faddons%2Fscript.SKI%2Ffanart.jpg&amp;desc%3DEIM+-+SKI+Info+for+Artist:+[%SF%]%26_options_sf&quot;,return)</favourite>
	<favourite name="SKI- Extended Album Info (Title)" thumb="special://home/addons/script.SKI/icon.png">ActivateWindow(10501,&quot;plugin://script.SKI/?info=albumdetails&id=[%SF%]&amp;sf_options=fanart%3Dspecial%3A%2F%2Fhome%2Faddons%2Fscript.SKI%2Ffanart.jpg&amp;desc%3DEIM+-+SKI+Info+for+Info+for+Album:+[%SF%]%26_options_sf&quot;,return)</favourite>
	<favourite name="SKI- Extended Movie Info (Title)" thumb="special://home/addons/script.SKI/icon.png">ActivateWindow(10025,&quot;plugin://script.SKI/?info=extendedinfo&name=[%SF%]&amp;sf_options=fanart%3Dspecial%3A%2F%2Fhome%2Faddons%2Fscript.SKI%2Ffanart.jpg&amp;desc%3DEIM+-+SKI+Info+for+Movie:+[%SF%]%26_options_sf&quot;,return)</favourite>
	<favourite name="SKI- Extended TVShow Info (Title)" thumb="special://home/addons/script.SKI/icon.png">ActivateWindow(10025,&quot;plugin://script.SKI/?info=extendedtvinfo&name=[%SF%]&amp;sf_options=fanart%3Dspecial%3A%2F%2Fhome%2Faddons%2Fscript.SKI%2Ffanart.jpg&amp;desc%3DEIM+-+SKI+Info+for+TVShow:+[%SF%]%26_options_sf&quot;,return)</favourite>
	<favourite name="SKI- Extended Actor Info (Title)" thumb="special://home/addons/script.SKI/icon.png">ActivateWindow(10002,&quot;plugin://script.SKI/?info=extendedactorinfo&name=[%SF%]&amp;sf_options=fanart%3Dspecial%3A%2F%2Fhome%2Faddons%2Fscript.SKI%2Ffanart.jpg&amp;desc%3DEIM+-+SKI+Info+for+Actor:+[%SF%]%26_options_sf&quot;,return)</favourite>
	<favourite name="SKI- Youtube Channel" thumb="special://home/addons/script.SKI/icon.png">ActivateWindow(10025,&quot;plugin://script.SKI/?info=list&type=channel&query=[%SF%]&amp;sf_options=fanart%3Dspecial%3A%2F%2Fhome%2Faddons%2Fscript.SKI%2Ffanart.jpg&amp;desc%3DEIM+-+Search+Youtube+for+User++with+query:+[%SF%]%26_options_sf&quot;,return)</favourite>
	<favourite name="SKI- Youtube Playlist" thumb="special://home/addons/script.SKI/icon.png">ActivateWindow(10025,&quot;plugin://script.SKI/?info=list&type=playlist&query=[%SF%]&amp;sf_options=fanart%3Dspecial%3A%2F%2Fhome%2Faddons%2Fscript.SKI%2Ffanart.jpg&amp;desc%3DEIM+-+Search+Youtube+for+Playlists++with+query:+[%SF%]%26_options_sf&quot;,return)</favourite>
	<favourite name="SKI- Youtube Video" thumb="special://home/addons/script.SKI/icon.png">ActivateWindow(10025,&quot;plugin://script.SKI/?info=list&type=video&query=[%SF%]&amp;sf_options=fanart%3Dspecial%3A%2F%2Fhome%2Faddons%2Fscript.SKI%2Ffanart.jpg&amp;desc%3DEIM+-+Search+Youtube+with+query:+[%SF%]%26_options_sf&quot;,return)</favourite>
	<favourite name="SKI- YoutubePlaylist" thumb="special://home/addons/script.SKI/icon.png">ActivateWindow(10025,&quot;plugin://script.SKI/?info=youtubeplaylist&id=[%SF%]&amp;sf_options=fanart%3Dspecial%3A%2F%2Fhome%2Faddons%2Fscript.SKI%2Ffanart.jpg&amp;desc%3DEIM+-+Search+Youtube+for+Playlists++with+query:+[%SF%]%26_options_sf&quot;,return)</favourite>
	<favourite name="SKI- YoutubeSearch" thumb="special://home/addons/script.SKI/icon.png">ActivateWindow(10025,&quot;plugin://script.SKI/?info=youtubesearch&id=[%SF%]&amp;sf_options=fanart%3Dspecial%3A%2F%2Fhome%2Faddons%2Fscript.SKI%2Ffanart.jpg&amp;desc%3DEIM+-+Search+Youtube+with+query:+[%SF%]%26_options_sf&quot;,return)</favourite>
	<favourite name="SKI- YoutubeUserSearch" thumb="special://home/addons/script.SKI/icon.png">ActivateWindow(10025,&quot;plugin://script.SKI/?info=youtubeusersearch&id=[%SF%]&amp;sf_options=fanart%3Dspecial%3A%2F%2Fhome%2Faddons%2Fscript.SKI%2Ffanart.jpg&amp;desc%3DEIM+-+Search+Youtube+for+User++with+query:+[%SF%]%26_options_sf&quot;,return)</favourite>
	<favourite name="SKI- Weather" thumb="special://home/addons/script.SKI/icon.png">ActivateWindow(10002,&quot;plugin://script.SKI/?info=weather&amp;sf_options=fanart%3Dspecial%3A%2F%2Fhome%2Faddons%2Fscript.SKI%2Ffanart.jpg&amp;desc%3DEIM+-+Browse+SKI+Info+Favourites%26_options_sf&quot;,return)</favourite>
	<favourite name="SKI- Top Artists' Near Events" thumb="special://home/addons/script.SKI/icon.png">ActivateWindow(10025,&quot;plugin://script.SKI/?info=topartistsnearevents&amp;sf_options=fanart%3Dspecial%3A%2F%2Fhome%2Faddons%2Fscript.SKI%2Ffanart.jpg&amp;desc%3DEIM+-+Search+for+near+events+from+Top+Artist%26_options_sf&quot;,return)</favourite>
	<favourite name="SKI- Venue Events" thumb="special://home/addons/script.SKI/icon.png">ActivateWindow(10025,&quot;plugin://script.SKI/?info=venueevents&location=[%SF%]&amp;sf_options=fanart%3Dspecial%3A%2F%2Fhome%2Faddons%2Fscript.SKI%2Ffanart.jpg&amp;desc%3DEIM+-+Search+[%SF%]+for+events%26_options_sf&quot;,return)</favourite>
	<favourite name="SKI- Track Info (Needs Artist & Trackname)" thumb="special://home/addons/script.SKI/icon.png">ActivateWindow(10025,&quot;plugin://script.SKI/?info=trackinfo&artistname=[%SF%]&trackname=[%SF%]&amp;sf_options=fanart%3Dspecial%3A%2F%2Fhome%2Faddons%2Fscript.SKI%2Ffanart.jpg&amp;desc%3DEIM+-+Search+for+info+about+track:+[%SF%]%26_options_sf&quot;,return)</favourite>
	<favourite name="SKI- Near Events" thumb="special://home/addons/script.SKI/icon.png">ActivateWindow(10025,&quot;plugin://script.SKI/?info=nearevents&location=[%SF%]&amp;sf_options=fanart%3Dspecial%3A%2F%2Fhome%2Faddons%2Fscript.SKI%2Ffanart.jpg&amp;desc%3DEIM+-+Search+for+events+near:+[%SF%]%26_options_sf&quot;,return)</favourite>
</favourites>