<?xml version="1.0" encoding="UTF-8" standalone="yes"?>
<addon id="script.dk.metadata" version="0.0.1" name="Dark Carnival Metadata" provider-name="Dark Karnival">
	<requires>
		<import addon="xbmc.python" version="2.19.0"/>
	</requires>
	<extension point="xbmc.python.module" library="lib" />
	<extension point="xbmc.addon.metadata">
		<summary>Metadata for the Dark Carnival Addon</summary>
		<description>Metadata for Dark Carnival are maintained separately to make distribution of the the addon itself easier/faster.</description>
		<platform>all</platform>
	</extension>
</addon>
