<?xml version="1.0" encoding="UTF-8" standalone="yes"?>
<addon id="script.module.Frankenstein" name="Frankenstein Module" version="7.8.7.7" provider-name="Frankenstein">
	<requires>
		<import addon="xbmc.python" version="2.1.0" />
		<import addon="script.module.beautifulsoup4"/>
		<import addon="script.module.simplejson"/>
		<import addon="script.module.python.koding.aio" version="0.9.6.6" />
		<import addon="script.module.requests" version="2.9.1" />
		<import addon="script.module.xmltodict" version="0.9.0" />
		<import addon="plugin.video.SportsDevil"/>
	</requires>
	<extension point="xbmc.python.module" library="lib" />
	<extension point="xbmc.addon.metadata">
		<platform>all</platform>
		<summary lang="en">Frankenstein Plugin For Movies TV Shows Playlists</summary>
	</extension>
</addon>
