<?xml version="1.0" encoding="UTF-8" standalone="yes"?>
<addon id="plugin.video.dk" version="0.0.2" name="Dark Carnival" provider-name="Dark Karnival">
	<requires>
		<import addon="xbmc.python" version="2.19.0" />
		<import addon="script.module.dk" />
		<import addon="script.dk.artwork" />
		<import addon="script.dk.metadata" />
		<import addon="script.module.resolveurl" />
		<import addon="script.module.requests" />
		<import addon="script.module.metahandler" version="1.0.0" />
		<import addon="script.module.globalscrapers"/>
	</requires>
	<extension point="xbmc.python.pluginsource" library="dk.py">
		<provides>video</provides>
	</extension>
	<extension point="xbmc.service" library="service.py" start="startup" />
	<extension point="xbmc.addon.metadata">
		<summary lang="en">Dark Carnival</summary>
		<description lang="en">Dark Carnival</description>
		<platform>all</platform>
		<license>GNU GENERAL PUBLIC LICENSE. Version 3, 29 June 2007</license>
		<forum></forum>
		<website></website>
		<source></source>
		<disclaimer lang="en">The author of this addon do not host any of the content which is found and have no affiliation with any of the content providers. This addon simply searches websites for content. Use at your own risk!</disclaimer>
		<assets>
			<icon>icon.png</icon>
			<fanart>fanart.jpg</fanart>
		</assets>
		<news>
		</news>
	</extension>
</addon>
