<?xml version="1.0" encoding="UTF-8" standalone="yes"?>
<addon id="repository.core" name="[COLOR red]C[/COLOR]ore [COLOR red]R[/COLOR]epository" version="1.5" provider-name="New Owner">
	<extension point="xbmc.addon.repository" name="Core">
		<dir>
		    <info compressed="false">https://raw.githubusercontent.com/bcrusher29/portrepo1/master/addons.xml</info>
			<checksum>https://raw.githubusercontent.com/bcrusher29/portrepo1/master/addons.xml.md5</checksum>
			<datadir zip="true">https://raw.githubusercontent.com/bcrusher29/portrepo1/master/zips</datadir>
		</dir>
		<dir>
			<info compressed="false">https://raw.githubusercontent.com/Dr-Know99/Global-Scrapers-Repo/master/zips/addons.xml</info>
		    <checksum>https://raw.githubusercontent.com/Dr-Know99/Global-Scrapers-Repo/master/zips/addons.xml.md5</checksum>
		    <datadir zip="true">https://raw.githubusercontent.com/Dr-Know99/Global-Scrapers-Repo/master/zips</datadir>
		</dir>
		<dir>
		    <info compressed="false">https://raw.githubusercontent.com/metalmagic767/Metalgear-Repository/master/addons.xml</info>
		    <checksum>https://raw.githubusercontent.com/metalmagic767/Metalgear-Repository/master/addons.xml.md5</checksum>
		    <datadir zip="true">https://raw.githubusercontent.com/metalmagic767/Metalgear-Repository/master/zips</datadir>
        </dir>
		<dir>
		    <info compressed="false">https://raw.githubusercontent.com/Dr-Know99/goldengun/master/zips/addons.xml</info>
		    <checksum>https://raw.githubusercontent.com/Dr-Know99/goldengun/master/zips/addons.xml.md5</checksum>
		    <datadir zip="true">https://raw.githubusercontent.com/Dr-Know99/goldengun/master/zips</datadir>
        </dir>
		<dir>
            <info compressed="false">https://raw.githubusercontent.com/kodibae/repository.kodibae/master/addons.xml</info>
            <checksum>https://raw.githubusercontent.com/kodibae/repository.kodibae/master/addons.xml.md5</checksum>
            <datadir zip="true">https://raw.githubusercontent.com/kodibae/repository.kodibae/master/</datadir>
        </dir>
		<dir>
		     <info compressed="false">http://raw.github.com/MetalChris/repository.metalchris/master/addons.xml</info>
             <checksum>http://raw.github.com/MetalChris/repository.metalchris/master/addons.xml.md5</checksum>
             <datadir zip="true">http://raw.github.com/MetalChris/repository.metalchris/master/zips</datadir>
		</dir>
		<dir>
			<info compressed="false">http://paulbunyan.xyz/repo/addons.xml</info>
			<checksum>http://paulbunyan.xyz/repo/addons.xml.md5</checksum>
			<datadir zip="true">http://paulbunyan.xyz/repo/files/</datadir>
		</dir>
		<dir>
		    <info compressed="false">https://raw.githubusercontent.com/teamuniversal/scrapers/master/_modules4all/zips/addons.xml</info>
			<checksum>https://raw.githubusercontent.com/teamuniversal/scrapers/master/_modules4all/zips/addons.xml.md5</checksum>
			<datadir zip="true">https://raw.githubusercontent.com/teamuniversal/scrapers/master/_modules4all/zips/</datadir>
        </dir>
		<dir>
		    <info compressed="false">https://raw.githubusercontent.com/totalrevolution/python-koding/master/zips/addons.xml</info>
			<checksum>https://raw.githubusercontent.com/totalrevolution/python-koding/master/zips/addons.xml.md5</checksum>
			<datadir zip="true">https://raw.githubusercontent.com/totalrevolution/python-koding/master/zips/</datadir>
		</dir>	
		<dir>
		    <info compressed="false">https://www.onenation.appboxes.co/repository/repofiles/addons.xml</info>
		    <checksum>https://www.onenation.appboxes.co/repository/repofiles/addons.xml.md5</checksum>
		    <datadir zip="true">https://www.onenation.appboxes.co/repository/repofiles/</datadir>
        </dir>
		<dir>
		    <info compressed="false">https://raw.githubusercontent.com/jsergio123/zips/master/addons.xml</info>
            <checksum>https://raw.githubusercontent.com/jsergio123/zips/master/addons.xml.md5</checksum>
            <datadir zip="true">https://raw.githubusercontent.com/jsergio123/zips/master/</datadir>
		</dir>	
		<dir>
		    <info compressed="false">https://github.com/tvaddonsco/tva-resolvers-repo/raw/master/addons.xml</info>
		    <checksum>https://github.com/tvaddonsco/tva-resolvers-repo/raw/master/addons.xml.md5</checksum>
		    <datadir zip="true">https://github.com/tvaddonsco/tva-resolvers-repo/raw/master/zips/</datadir>
        </dir>
		<dir>
		<info compressed="false">http://cerbrepo.space/plugins/addons.xml</info>
		<checksum>http://cerbrepo.space/plugins/addons.xml.md5</checksum>
		<datadir zip="true">http://cerbrepo.space/plugins</datadir>
		</dir>	
		<dir>
		    <info compressed="false">https://raw.githubusercontent.com/Maverick53/repo/master/addons.xml</info>
		    <checksum>https://raw.githubusercontent.com/Maverick53/repo/master/addons.xml.md5</checksum>
		    <datadir zip="true">https://raw.githubusercontent.com/Maverick53/repo/master/plugins/</datadir>
		</dir>	
		<dir>
		    <info compressed="false">http://supremacy.org.uk/zip/plugin/addon.xml</info>
		    <checksum>http://supremacy.org.uk/zip/plugin/addons.xml.md5</checksum>
		    <datadir zip="true">http://supremacy.org.uk/zip/plugin/</datadir>
		</dir>	
		<dir>
		    <info compressed="false">http://raw.github.com/Lunatixz/KODI_Addons/master/addons.xml</info>
            <checksum>http://raw.github.com/Lunatixz/KODI_Addons/master/addons.xml.md5</checksum>
            <datadir zip="true">http://raw.github.com/Lunatixz/KODI_Addons/master/zips</datadir>
		</dir>
		<dir>
		    <info>https://raw.githubusercontent.com/rmrector/repository.rector.stuff/master/addons.xml</info>
		    <checksum>https://raw.githubusercontent.com/rmrector/repository.rector.stuff/master/addons.xml.md5</checksum>
		    <datadir zip="true">https://raw.githubusercontent.com/rmrector/repository.rector.stuff/master/</datadir>
		</dir>
		<dir minversion="15.0.0">
			<info compressed="true">https://github.com/mikesilvo164/repo.aeon.nox.silvo/raw/master/isengard/addons.xml</info>
			<checksum>https://github.com/mikesilvo164/repo.aeon.nox.silvo/raw/master/isengard/addons.xml.md5</checksum>
			<datadir zip="true">https://github.com/mikesilvo164/repo.aeon.nox.silvo/raw/master/isengard</datadir>
		</dir>
		<dir minversion="16.0.0">
			<info compressed="true">https://github.com/mikesilvo164/repo.aeon.nox.silvo/raw/master/jarvis/addons.xml</info>
			<checksum>https://github.com/mikesilvo164/repo.aeon.nox.silvo/raw/master/jarvis/addons.xml.md5</checksum>
			<datadir zip="true">https://github.com/mikesilvo164/repo.aeon.nox.silvo/raw/master/jarvis</datadir>
		</dir>
		<dir minversion="17.0.0">
			<info compressed="true">https://github.com/mikesilvo164/repo.aeon.nox.silvo/raw/master/krypton/addons.xml</info>
			<checksum>https://github.com/mikesilvo164/repo.aeon.nox.silvo/raw/master/krypton/addons.xml.md5</checksum>
			<datadir zip="true">https://github.com/mikesilvo164/repo.aeon.nox.silvo/raw/master/krypton</datadir>
		</dir>
		<dir minversion="17.9.0">
			<info compressed="true">https://github.com/mikesilvo164/repo.aeon.nox.silvo/raw/master/leia/addons.xml</info>
			<checksum>https://github.com/mikesilvo164/repo.aeon.nox.silvo/raw/master/leia/addons.xml.md5</checksum>
			<datadir zip="true">https://github.com/mikesilvo164/repo.aeon.nox.silvo/raw/master/leia</datadir>
		</dir>
		<dir>
			<info compressed="false">https://github.com/mikesilvo164/repo.aeon.nox.silvo/raw/master/leia/addons.xml</info>
			<checksum>https://github.com/mikesilvo164/repo.aeon.nox.silvo/raw/master/leia/addons.xml.md5</checksum>
			<datadir zip="true">https://github.com/mikesilvo164/repo.aeon.nox.silvo/raw/master/leia</datadir>
		</dir>
        <dir>
            <info compressed="false">http://raw.github.com/frenchdj/frenchdj.repository/master/addons.xml</info>
            <checksum>http://raw.github.com/frenchdj/frenchdj.repository/master/addons.xml.md5</checksum>
            <datadir zip="true">http://raw.github.com/frenchdj/frenchdj.repository/master/repo/</datadir>
        </dir>
		<dir>
            <info compressed="false">https://loopaddon.uk/zips/addons.xml</info>
		    <checksum>https://loopaddon.uk/zips/addons.xml.md5</checksum>
		    <datadir zip="true">https://loopaddon.uk/zips/</datadir>
        </dir>
	</extension>
	<extension point="xbmc.addon.metadata">
		<summary></summary>
		<description></description>
		<platform>all</platform>
	<assets>
        <icon>icon.gif</icon>
        <fanart>fanart.jpg</fanart>
        <banner></banner>
        <clearlogo></clearlogo>
        <screenshot></screenshot>
    </assets>
	</extension>
</addon>

