﻿<?xml version="1.0" encoding="UTF-8" standalone="yes"?>
<addon id="plugin.video.Asylum" version="7.7.7" name="ASYLUM" provider-name="KryptKeeper">
	<requires>
		<import addon="xbmc.python" version="2.19.0" />
		<import addon="script.Superbeast.artwork"/>
		<import addon="script.AnArchy.metadata"/>
                <import addon="script.module.resolveurl"/>
                <import addon="script.module.metahandler"/>
                <import addon="script.module.requests"/>
                <import addon="script.module.beautifulsoup"/>
                <import addon="script.module.bc.common"/>
                <import addon="script.module.futures"/>
                <import addon="script.module.universalscrapers"/>
	</requires>
	<extension point="xbmc.python.pluginsource" library="asylum.py">
		<provides>video</provides>
	</extension>
	<extension point="xbmc.service" library="service.py" start="startup" />
	<extension point="xbmc.addon.metadata">
		<summary lang="en"></summary>
		<description lang="en">Movies And Tv Entertainment</description>
		<disclaimer lang="en"></disclaimer>
		<platform>all</platform>
		<forum></forum>
		<website></website>
		<source></source>
		<assets>
			<icon>icon.gif</icon>
			<fanart>fanart.jpg</fanart>
		</assets>
		<news></news>
	</extension>
</addon>